{
    "test_loss": 0.2475312203168869,
    "test_accuracy": 0.951764702796936
}