{"accuracy": [0.8341358304023743, 0.8624691367149353, 0.8417283892631531, 0.8498148322105408, 0.8677777647972107], "loss": [1.4666001796722412, 1.8607501983642578, 2.891610860824585, 7.0993218421936035, 9.678326606750488], "val_accuracy": [0.9113008975982666, 0.9526938199996948, 0.9658344388008118, 0.9310118556022644, 0.8968462347984314], "val_loss": [0.25672560930252075, 0.2216869443655014, 0.22730030119419098, 0.48087024688720703, 1.210553526878357], "learning_rate": [0.0010000000474974513, 0.0010000000474974513, 0.0010000000474974513, 0.0010000000474974513, 0.0010000000474974513]}